"rho1","rho2","rho3","loglik2.5","loglik50","loglik97.5","rho0_2.5","rho0_50","rho0_97.5","rho1_2.5","rho1_50","rho1_97.5","rho2_2.5","rho2_50","rho2_97.5","rho3_2.5","rho3_50","rho3_97.5","rhomax_2.5","rhomax_50","rhomax_97.5"
0,-0.5,-0.1,NA,NA,NA,-0.19180919319827,0.00507870759594932,0.201716465415014,-0.136574479992336,-0.0532328473021942,0.0282205948448878,-0.970621323611122,-0.663977539764493,-0.364677352853593,-0.170244920393558,-0.0732302954490713,0.023388025718328,1.45088549037174,1.69487061843421,2.00180543020355
0.4,0.25,-0.1,NA,NA,NA,-0.169174405728742,0.0227945902827188,0.220071283317256,0.225708907584574,0.314433075858619,0.406770314144814,-0.072086442032811,0.240174878034827,0.551274157330201,-0.163522394074418,-0.0509337644220544,0.0665188958577974,1.38431215747185,1.62915554143743,1.95119823014071
0.1,0.5,-0.1,NA,NA,NA,-0.164032070311181,0.0243747112296155,0.213996330631662,0.0558850435544185,0.133561026742532,0.215929642053844,-0.568001488355939,-0.027025628510079,0.470642335108619,-0.241926048322906,-0.0814869418307413,0.0697053638040246,1.45381233317728,1.70933037184214,2.03548126419548
0.5,0.25,-0.1,NA,NA,NA,-0.162127744031834,0.0255786047990676,0.221458687186015,0.38991606091972,0.48945061501931,0.5993618600166,-0.104072592000865,0.109949668348942,0.325584698881719,-0.282057258251325,-0.169801685082315,-0.0654777097325337,1.23506733233979,1.44938942291839,1.70828943835765
0.1,-0.5,-0.1,NA,NA,NA,-0.162099995282238,0.0299577097137872,0.21711904023694,0.127094493710462,0.210594861906447,0.301267065238957,-0.413763803058923,-0.139629385651978,0.169142552292868,-0.181219457458042,-0.0949836856908987,-0.00414292661032646,1.40720836583913,1.65848451201098,1.96668335752006
0.3,0.25,-0.1,NA,NA,NA,-0.187230464501286,0.009885032221743,0.21555698451302,0.212379934881041,0.297000942412031,0.38943966364904,-0.0968571174675022,0.191120293366748,0.438424641980649,-0.132056646425938,-0.0416241724353963,0.0387163041539878,1.42751279777545,1.69404167062741,2.01313300740632
0,0.5,-0.1,NA,NA,NA,-0.170844270425293,0.0217097899216043,0.213880156084917,-0.0731896087924787,0.0110730451170735,0.0921201622813526,-0.114360715556732,0.153136260631273,0.399581756097749,-0.157229894032903,-0.0801827326888674,-0.0105738612714022,1.27910098831063,1.5092166829855,1.77616111348887
0,-0.5,-0.05,NA,NA,NA,-0.177269305159903,0.0125257533176129,0.206552112305419,-0.00615929044025875,0.072736142564183,0.154366093529814,-0.700064458276552,-0.445282138110054,-0.203694062655816,-0.0802761327358725,-0.0124980384894952,0.0555062161689935,1.18971936058724,1.3920973467072,1.64932834264219
0.2,-0.5,-0.1,NA,NA,NA,-0.175890272205376,0.0207893496595717,0.218287563713652,0.140957995336306,0.22913054242341,0.325351996830255,-0.91525443307899,-0.524763497115532,-0.129163117826764,-0.226304057635793,-0.0759531546615235,0.0634329393778932,1.2839009613099,1.52573045555739,1.8042178054611
0.2,0.25,0,NA,NA,NA,-0.173683093027071,0.0156455740915403,0.218470500852081,0.0761311178103862,0.152809440884639,0.236817190994617,0.0505123375270732,0.49270513368329,0.889890800659913,-0.185991954759486,-0.0586109019849068,0.0573788885573488,1.28965400167447,1.52043500099882,1.79846372816774
0.3,0.5,-0.1,NA,NA,NA,-0.1710999248298,0.0185315490673936,0.20367845522255,0.217387422755657,0.311488096356713,0.415578424075923,-0.134511723446434,0.163571435171895,0.497238251588435,-0.207312662034048,-0.0948619807836354,0.0242352625297388,1.40059597802124,1.66159219679462,2.02503140836247
0.2,0.5,-0.1,NA,NA,NA,-0.168578301295404,0.0228908253588034,0.216891492924425,0.107859169101165,0.192858850787705,0.283603687723115,-0.0818646381460006,0.197121962233706,0.471313158449584,-0.187747879881432,-0.0883210035267436,0.0110125640383098,1.2665703432852,1.48380784133622,1.7448080031589
0.4,0.5,-0.1,NA,NA,NA,-0.157725250785609,0.0340931032897386,0.223836618409741,0.23059995297337,0.325721511332297,0.435391087271844,0.0529219443077373,0.353604077598562,0.702342124308284,-0.230281856429319,-0.119653496718397,-0.00364362871351013,1.46897871177086,1.7421541214888,2.07343901435419
0.5,0.5,-0.1,NA,NA,NA,-0.170668324889081,0.020951626141166,0.216727121185261,0.423301102066013,0.526622396082387,0.65034699205021,-0.00952471252311685,0.259716332506038,0.503178946558255,-0.295515736807954,-0.153184764931493,-0.0278467697445135,1.31675999139175,1.57191713500381,1.87274733944822
0.5,-0.5,-0.05,NA,NA,NA,-0.193714855907024,0.000782131588019914,0.19599748645771,0.358732381157082,0.469967002822678,0.590176992743252,-0.78054602808177,-0.470842991471325,-0.178506449087253,-0.151635997380162,-0.0280659968265788,0.0981865631874531,1.4021892074943,1.65440602754188,1.97348015181821
0,0,0.1,NA,NA,NA,-0.16094298011143,0.031928473676498,0.22211756114238,0.0125723011880621,0.0973891393543251,0.192116602041111,0.183819333104675,0.451078457887494,0.676066445858023,0.0365724552851891,0.113528205862954,0.197016320819812,1.51851240291765,1.8008792266687,2.14365894300581
0.3,-0.25,-0.1,NA,NA,NA,-0.172356179602884,0.0217765163566233,0.218872879623404,0.120493391363854,0.206375093293918,0.298231167059202,-0.479152792844731,-0.102090452498023,0.290371200200361,-0.327582875367792,-0.19310751475355,-0.0601280671593407,1.4817482428489,1.7526646238185,2.07332542945328
0.1,0,0.1,NA,NA,NA,-0.179009489996164,0.0211472469126228,0.222962980263204,0.0403507239439936,0.12026225203438,0.202748590963124,-0.383892841628313,-0.0392849164221112,0.23686620869814,-0.014390355542583,0.0726232076188505,0.160316816226356,1.19177789781811,1.40631573171374,1.66236873535228
0.2,-0.25,-0.1,NA,NA,NA,-0.163788084815264,0.0194036786022391,0.206088399547385,0.0875705570782375,0.171044158519399,0.254624277969954,-0.183330082249048,0.166765305500252,0.538780840127615,-0.0908581804526403,0.0311083843876392,0.152719504989114,1.4352511346741,1.68031584179433,1.98572732806825
0.5,0.5,0.1,NA,NA,NA,-0.157405336482533,0.0279760286543821,0.222141363931919,0.366431083260411,0.464480118645915,0.576736429802548,-0.341243553546351,0.0738161560993813,0.540152634895395,-0.169881426814649,-0.0222368372163188,0.148641705813358,1.29781723284932,1.53288443257274,1.81982573172089
0.3,-0.25,0,NA,NA,NA,-0.175995131689065,0.0119225580913585,0.202755835351187,0.300688801349198,0.397626789737316,0.503806032439241,-0.239799770652608,0.0488320928200813,0.334097276735805,-0.0805102872045957,0.0369745779769562,0.152947454643872,1.37047745859884,1.61373254052834,1.91345693767609
0.3,-0.5,-0.1,NA,NA,NA,-0.169472965197176,0.0219210084596393,0.211036103409005,0.187395632470301,0.276138644238939,0.367879917060528,-0.590853355622829,-0.32687549116668,-0.03284055154523,-0.193413747711776,-0.117845152227655,-0.0348004029600974,1.23326677596375,1.44156806622845,1.70486260164874
0.4,0.25,0,NA,NA,NA,-0.165511567127823,0.0299681746573601,0.224848202170032,0.255242485765326,0.348007087440242,0.452902865873542,-0.0492865977123248,0.18308662407979,0.443532125507352,-0.0813671442932254,0.000681381809728003,0.0990627934624227,1.45472459498729,1.70797678690823,2.03656923591219
0.4,-0.25,0,NA,NA,NA,-0.163287860940843,0.0343545941686644,0.232846518310773,0.251566666159498,0.346814819735145,0.451622954408818,-0.507158822199416,-0.214445406969947,0.0921559816720962,-0.060649616407878,0.0553610617357539,0.17605862881165,1.36131100340465,1.60823105286495,1.89827026660725
0.2,0.25,0.05,NA,NA,NA,-0.174358889649755,0.0243395563794222,0.218476157924292,0.110406163200036,0.20590626050561,0.314191748604475,-0.586308842141725,-0.0673791456824861,0.478974969136584,-0.262042918414168,-0.0802409830149479,0.102825050927916,1.39426282273222,1.64689393609797,1.99705175767902
0.1,0.25,0,NA,NA,NA,-0.169165587243807,0.0224168595340225,0.215481803254913,0.0201316441655505,0.107127327507665,0.196826550146037,0.137425248328305,0.346813412854552,0.551404920910068,0.0245596362089536,0.0911765947739743,0.156155277688512,1.2767541445238,1.51454095121051,1.78890897300854
0.4,-0.5,-0.1,NA,NA,NA,-0.159268277374145,0.0306724009239021,0.221620487384017,0.316421223275336,0.42540230395284,0.549941789660348,-0.587297804870598,-0.352374609387143,-0.0659275381773601,-0.173680261110341,-0.0796889648289505,0.0236976727475391,1.27276294800139,1.51249963119805,1.81606474864322
0.3,0.25,0.05,NA,NA,NA,-0.168315584566016,0.0263229519611209,0.222501668452509,0.0630390918055888,0.161040429902585,0.262113439288414,-0.199991641179266,0.10021154852964,0.562217935235347,-0.0888744744229521,0.015994589425587,0.141950945323458,1.35544468992281,1.66262096071373,2.01560488643779
0,0.25,-0.05,NA,NA,NA,-0.169224348007865,0.0201256457024097,0.210094176781417,0.028241320401127,0.10371758230374,0.185406012173427,-0.217452537437232,0.088591448066036,0.37456945180953,-0.131305634187275,-0.0437147698805034,0.0314547704285671,1.26330451918253,1.48755593073462,1.77343541082748
0.3,0.25,0,NA,NA,NA,-0.189262927841286,0.017985342381692,0.220972788256089,0.0910583816427003,0.178119836513509,0.274673034919604,-0.0567942085858533,0.129154483125181,0.305067853140307,-0.0931589722991445,-0.0347866914529387,0.0161133801320648,1.24954894253784,1.48440927965873,1.78528976468562
0.5,-0.5,-0.1,NA,NA,NA,-0.180614603497785,0.010766491869709,0.209684168293511,0.327997119007871,0.429858151652374,0.547200624751216,-0.622676202556023,-0.422133669875,-0.221065566544471,-0.209821705918437,-0.123556046167752,-0.0422824925689889,1.48658164413647,1.75004604219107,2.07774036217081
0.1,0.25,0.05,NA,NA,NA,-0.165863026343178,0.0254320735651183,0.22039592688871,-0.0499817840133626,0.0355151074843786,0.117705101537178,-0.202405429158151,0.21474180761023,0.764692325337221,-0.113673725856821,0.0380197758282835,0.19511212843498,1.37962263959207,1.62790829159483,1.93755623467035
0.1,-0.25,-0.05,NA,NA,NA,-0.17175196596778,0.0199283836066578,0.206759421857405,0.00687707537315474,0.100065782357262,0.192793872281892,-0.442262022871623,-0.135420682401542,0.155857865272539,-0.169155979044282,-0.0779898810518531,0.00767807585177402,1.28955467698875,1.52859156054131,1.86703621119623
0,-0.25,-0.1,NA,NA,NA,-0.173280828377701,0.0209612603373699,0.216207455417498,-0.10651648942243,-0.029553223092855,0.0467990128976966,-0.404564291032866,-0.103538352756693,0.156274898102391,-0.144539812576045,-0.0699004313062165,0.00792316188982153,1.30761597247096,1.54787421295234,1.83204215645307
0.1,-0.25,-0.1,NA,NA,NA,-0.165514700996807,0.0239952611161336,0.21384182991315,-0.00112260779519142,0.086803175944828,0.17350838055257,-0.344061743953515,-0.0383609926794516,0.289952653622099,-0.290982934749772,-0.172343885714804,-0.0642290549939288,1.44800602765338,1.69609647480777,2.01787890152216
0.3,-0.25,-0.05,NA,NA,NA,-0.17078480498167,0.0227272599811992,0.220139220516273,0.194785646103393,0.292737394854608,0.395430614708679,-0.594589155328164,-0.216933071642528,0.130862671252809,-0.239551666090144,-0.0991548679496176,0.0239642228348163,1.38472913542463,1.63769821543852,1.94426060163072
0.2,-0.25,-0.05,NA,NA,NA,-0.170712301805103,0.0171475281731964,0.211144375802313,0.0944972111821415,0.172215814516794,0.257874145529929,-0.252467443761402,0.0539570189234709,0.326320113739099,-0.0174509541316711,0.0612060625315642,0.139311693019571,1.24903102208579,1.45789506776978,1.72432198380182
0.1,-0.25,0,NA,NA,NA,-0.155098066300322,0.0290606315839563,0.220678357299986,0.0804670352221379,0.172692680304214,0.266311808151018,-0.19672500327994,0.0107350687015083,0.27441772172928,-0.0592744525477877,0.0116489372178055,0.108011974776676,1.55517115545031,1.83754739200342,2.20661390802104
0.5,-0.25,0.05,NA,NA,NA,-0.154947763314499,0.0400741885430476,0.228216919200475,0.339885108569593,0.439033510007633,0.550416321329071,-0.287437799767054,-0.040694092137888,0.226017579113754,-0.0237603472784575,0.102608713269828,0.247642094350635,1.40629811169213,1.65311033908556,1.95721349453474
0.1,-0.25,0.1,NA,NA,NA,-0.168045985616464,0.0263084767816419,0.223942918047607,-0.0741038508678872,0.0243839526858851,0.124054469583566,-0.396650734032181,-0.061342530059047,0.188878904934044,0.00316601065746166,0.0825749912257264,0.167476558822131,1.41668704592311,1.71493965513989,2.09279337950528
0.2,-0.25,0,NA,NA,NA,-0.166571536842363,0.021212421844895,0.221106320203208,0.0637901271414316,0.145943244013151,0.235798807136873,-0.420673634190344,-0.132653349388925,0.178853314792043,-0.0766761709455479,0.00553216106050857,0.0902360811963586,1.33592665296208,1.58181185885146,1.87596661789735
0,0.5,0.1,NA,NA,NA,-0.169509588105063,0.0276177705558886,0.223492767625139,-0.175644606384254,-0.0895146044350673,-0.000196775387167548,0.0995193598848474,0.432649835600461,0.762442269744019,-0.00128101368100354,0.0862842716509657,0.178265712322264,1.3000820004386,1.53359889603496,1.81498248859756
0.1,-0.5,-0.05,NA,NA,NA,-0.178643985661127,0.0155901678408901,0.202955163793326,0.0425062478018837,0.122122018145095,0.206551731449526,-0.63117936864757,-0.377887959668778,-0.0898396427895623,-0.153946081327636,-0.0628610110002417,0.0321934079246215,1.33128955933891,1.57356975707113,1.84821820558188
0.5,-0.25,-0.05,NA,NA,NA,-0.165347055031837,0.0389664693938753,0.235023912057688,0.308575724608267,0.411150691190689,0.527151021688609,-0.502932511128091,-0.200518728805561,0.116683684642682,-0.177938287041106,-0.0454348526735151,0.0854151739570785,1.25785362956845,1.48428637184924,1.76474271168788
0,0,-0.05,NA,NA,NA,-0.173314192067876,0.0234665758777084,0.208775610211326,-0.0580972408351272,0.0134440216388878,0.0872768668587945,-0.132183877708373,0.129843554285435,0.405592054349772,-0.114386935727779,-0.0427792828546704,0.0245526030805341,1.25208795984328,1.46368698444478,1.723846084669
0.5,0,0.05,NA,NA,NA,-0.158821265225986,0.0456032596661461,0.238887755032746,0.320112757341168,0.414557448581016,0.530781029424176,-0.284283632886173,-0.0196761880207833,0.216401927525255,-0.0404258713410376,0.0619207273047929,0.165236405302279,1.39826667101477,1.6321024592251,1.93524282328498
0.4,-0.25,0.05,NA,NA,NA,-0.14139954896231,0.047453289094107,0.240752688832469,0.295161947773707,0.393367935421958,0.502215779893122,-0.504954195974608,-0.169674456958222,0.135599377768635,-0.119490933524866,0.0182261390583932,0.149619641003995,1.40534996820741,1.65478403684667,1.96439757853851
0.4,-0.25,-0.1,NA,NA,NA,-0.172931774437367,0.0144028996873779,0.215020359082158,0.264177037573255,0.364511549467921,0.477057249218436,-0.197726611505933,0.0800746944943422,0.289000337597065,-0.0949278588250698,0.00831373371704152,0.089693076734243,1.52387289911254,1.8077503936967,2.18748448504469
0,0.25,0.05,NA,NA,NA,-0.169103132605951,0.0247055639185138,0.220572699832292,-0.0603619212374775,0.0167891288865332,0.0966666687643139,-0.212883394357419,0.0616830728290675,0.317963638486886,-0.0346115810438769,0.0499053528774148,0.136273914120335,1.3871558215355,1.62182587362261,1.90297039820505
0,-0.25,-0.05,NA,NA,NA,-0.170560796997614,0.0237263775945214,0.214262019017849,-0.0681798182484998,0.0342003482275427,0.134797648270477,-0.556916251324105,-0.187322433035507,0.220546611175344,-0.145684264006127,-0.0344335254395133,0.0821220528385175,1.36224794852401,1.64445117990815,2.01147361877259
0.2,-0.5,0.05,NA,NA,NA,-0.168398694748731,0.0280756079963467,0.222336463042718,0.0697359316855749,0.151435946711999,0.2372814438067,-0.688111529283224,-0.319513441782117,-0.00349850380468516,-0.057819959572327,0.051725567278024,0.151956979823202,1.53302900057067,1.7991474582917,2.14850744357356
0,-0.5,0,NA,NA,NA,-0.173482135618914,0.0263257712380976,0.224102453560588,-0.0625819658408341,0.0167456889851651,0.101897016544544,-0.841640509092248,-0.440194980769401,-0.0143340451100025,-0.199511055062934,-0.0878055778928676,0.026751231249471,1.36576617577921,1.61367651761772,1.90606902946575
0.5,0,-0.05,NA,NA,NA,-0.173594707859782,0.00751827923330365,0.201725299194666,0.303092501342482,0.393760185484064,0.494456545721953,-0.216278090765364,0.0278003713025586,0.294090417837515,-0.231291673849236,-0.135549731994557,-0.0423778568981155,1.56113559401878,1.84284846141237,2.18164557159644
0.3,-0.5,0.05,NA,NA,NA,-0.174319557867301,0.0277922342852605,0.228340472698728,0.211442715071106,0.299437960003195,0.404122451186876,-0.70108299674461,-0.228271917491198,0.186695776977822,-0.0687216374985725,0.0957137801313909,0.2458182348908,1.229693742514,1.44338896959533,1.70015601678971
0.5,-0.25,-0.1,NA,NA,NA,-0.135407171681589,0.0493579064563939,0.241664367910324,0.300767587654691,0.401997688078461,0.515919824635347,-0.295009329036277,-0.0130466202848709,0.241067401596385,-0.224138039170157,-0.0969483511603095,0.0197569595657069,1.28990811930431,1.52090881463463,1.7951961227377
0.2,0.25,-0.1,NA,NA,NA,-0.176953028741976,0.0213549812774445,0.210222446897767,0.0915671393921612,0.195509699700881,0.302887088506756,-0.30401810888753,0.14393960593584,0.556546677077711,-0.26297053824359,-0.100597102802718,0.0441048331757935,1.40554393757246,1.71304030787295,2.08369191090042
0.4,-0.5,-0.05,NA,NA,NA,-0.166668976302277,0.0254095447191338,0.212820113450449,0.246396590430249,0.343225557957536,0.444290144726345,-0.650564276959458,-0.301691937769064,0.0302190780124235,-0.181152691554655,-0.0638890808018394,0.0628181800186275,1.39200191783105,1.63781676646283,1.93751242579155
0.1,0.25,-0.1,NA,NA,NA,-0.174141468241225,0.0225887142983672,0.217018280338459,0.00282712006282155,0.0791368925767912,0.159007982331553,-0.252641964905673,0.151362185643907,0.527158519955209,-0.100230280370501,0.0147745274739615,0.123821174234908,1.35036694973738,1.58868807050395,1.86220386954721
0.1,0.5,0.05,NA,NA,NA,-0.177379664354009,0.0203399739822232,0.215064336678446,-0.0366754439504726,0.0378388972781575,0.113175512590919,0.0603062163955859,0.369158258825732,0.674712478022769,-0.0536234794003526,0.0398134449472347,0.130408132986569,1.35168539145087,1.58075813768637,1.86770572920662
0.3,0,-0.05,NA,NA,NA,-0.173840829147867,0.019218455874354,0.211568061113374,0.139014536039591,0.231704157474175,0.332623834683332,-0.275083863557163,0.0619142285013089,0.40232330528185,-0.100663695851325,0.00943775335393329,0.105563951363984,1.34482165656063,1.60831463816277,1.928183590207
0.4,0,-0.05,NA,NA,NA,-0.170889770057732,0.0246620528770429,0.21464081129417,0.248214469542058,0.340453522071715,0.44529486000801,-0.299975051050798,-0.0612946998719048,0.19777345998953,-0.0946603902374604,-0.0149258700929753,0.0748668232480888,1.35111236609461,1.59282400202327,1.88966073630849
0.5,-0.25,0,NA,NA,NA,-0.151719639242624,0.0385589989435241,0.232701429257756,0.291260115099351,0.39995290016273,0.525609997054113,-0.370431593148741,-0.0982188034706441,0.199090800329028,-0.0824665594937253,0.0361180066110668,0.159970599033644,1.36339976944071,1.61790767647667,1.92405401676196
0.3,-0.5,-0.05,NA,NA,NA,-0.178821798100867,0.0234279845852837,0.227722557924764,0.189973743380889,0.274199049266404,0.371323252729244,-0.60455677089806,-0.296103096504391,-0.000430959531265504,-0.21095639917944,-0.0884120604568367,0.0219530965911102,1.3714551010198,1.60204510830467,1.8877018322757
0.2,0,0,NA,NA,NA,-0.166458762170358,0.0217769087798087,0.211452692912913,0.0944700196482516,0.173060996519375,0.25750357859304,-0.293548439854965,0.0215336727745341,0.363774942385728,-0.0704758959631393,0.0303586078775191,0.131167868113475,1.32001482624455,1.55415438735648,1.8297662867768
0,0,-0.1,NA,NA,NA,-0.168746677516517,0.0151319506803514,0.202743792850313,-0.105484693056003,-0.0273437218525467,0.0468427065648876,0.00273921359093587,0.249498770159628,0.493504076796691,-0.122788881724233,-0.0529899826625222,0.0176521092205026,1.23079687343248,1.44356244257002,1.68833972495546
0.3,0,0.05,NA,NA,NA,-0.164415879770227,0.0277301314153167,0.220828964217694,0.155427506115642,0.244089564642276,0.345089541839709,-0.32200341189502,-0.0455722942667102,0.224142563326157,-0.0603090182308762,0.034752635656007,0.124722887266667,1.38964699653284,1.64031703122769,1.9576523901657
0.4,-0.5,0.05,NA,NA,NA,-0.161393089750111,0.0294200113559091,0.222239989676387,0.26191963163358,0.363515340341692,0.477466716839719,-0.966390110371283,-0.432575141644722,-0.0561290404769136,-0.0417653164669848,0.0785431793428475,0.19245881071285,1.29283326305014,1.5447621672087,1.85238468009682
0.4,0.5,0.05,NA,NA,NA,-0.167135245224425,0.0281401798470097,0.224213278533719,0.271929241570774,0.372703673242928,0.483642728728241,-0.0767278347787109,0.219875620951653,0.518481103469377,-0.0753621897750154,0.0348716124283277,0.140179034924051,1.43721648095288,1.72402885753131,2.07241822501918
0.5,0.5,0.05,NA,NA,NA,-0.186164878491795,0.00490039069906552,0.198906726686731,0.382905599693357,0.484690068343214,0.604902262913206,-0.157205295731177,0.292354120466559,0.772049069403694,-0.122164696986438,0.0613837200862356,0.269208380443035,1.25832875399309,1.49210623009722,1.77734673809895
0.2,-0.5,-0.05,NA,NA,NA,-0.172005883675548,0.0222842900675462,0.213564877283125,0.199140577130942,0.281268082082696,0.373048921334915,-0.343316784946495,-0.0192276148895381,0.282340861429712,-0.0915796166078512,0.00747281130218519,0.112131586758687,1.28472793126696,1.51092195014648,1.78670703807368
0.2,0,0.1,NA,NA,NA,-0.166185420176575,0.0241381338352878,0.216316098130098,0.0218751712040302,0.103272362146178,0.186927989842888,-0.106132512405031,0.143969921553708,0.411180058436023,0.00291807084029257,0.0840227019376202,0.17349947596595,1.25395949255018,1.47218905671859,1.7333352990779
0.2,0.5,0.05,NA,NA,NA,-0.174662625664749,0.019043207728633,0.216117646566574,0.0683412978516835,0.150952847950561,0.23719142344269,-0.220683215997534,0.138605303486036,0.509211210136315,-0.0431700123688168,0.0612635110792923,0.165158050545075,1.30157638160155,1.55020040619279,1.85782650537058
0.5,-0.5,0.05,NA,NA,NA,-0.187120068140372,0.0139798923561882,0.211606705199277,0.443947947512888,0.55691267682752,0.683202100239096,-0.619223192906262,-0.272452772130462,0.0324089396917884,-0.0171311248219256,0.127280547617592,0.26275727134722,1.26964858989814,1.48758896904462,1.77671049842313
0.5,0.5,0,NA,NA,NA,-0.147601625398278,0.0350194124063277,0.222279361629646,0.330293704408119,0.435009678240152,0.551307708489996,0.279087433137014,0.558195714856426,0.81371125890765,-0.0457476386497422,0.0709683292580674,0.179250953471073,1.40338290139565,1.65712119874385,1.93912639134761
0.5,0.25,0.05,NA,NA,NA,-0.195727852202793,-0.00265708933185935,0.186049661417675,0.38274437076347,0.476998179644972,0.582913602635565,-0.384541929595817,-0.0338523853904124,0.362059594811255,-0.279930581862897,-0.14634782405765,0.00784837526005773,1.39473279917236,1.63623713200855,1.92353535107163
0.2,0,0.05,NA,NA,NA,-0.17003086921848,0.026005859881442,0.220763024473199,0.117525051457349,0.204720150985692,0.300873154005137,-0.411838823697221,-0.0595849587660785,0.273206017705055,-0.0195011792569715,0.0989319718737822,0.213938943315265,1.45969447182255,1.72706905037287,2.04445268017442
0.4,0,0.05,NA,NA,NA,-0.179059387767198,0.0190972970134515,0.211833795530854,0.228509064644502,0.316128117298341,0.412203150039303,-0.229435715879252,0.0495035035327373,0.312676182331425,-0.0950895223981468,0.00396985445442994,0.100275436540296,1.30072833143557,1.53034848843389,1.80551326692838
0,0.5,0,NA,NA,NA,-0.169672710123141,0.0251713759042918,0.220774300859216,-0.0389006257642542,0.0456548923216858,0.128274215466961,-0.205549352149485,0.0763497131615275,0.351559393122045,-0.0477808451555885,0.0294417635284267,0.111381036531489,1.32134804249308,1.56484139593225,1.85783036555118
0,0,0.05,NA,NA,NA,-0.168091519415835,0.0250040209666317,0.221051146023553,-0.134044634276597,-0.0517110662623076,0.0273025001340947,-0.164703760751914,0.0584169222264388,0.293492397422891,-0.0183576850919767,0.0559830095343418,0.124530355881587,1.47773294155344,1.74059960983799,2.05847682240035
0.1,0,0.05,NA,NA,NA,-0.182959595799037,0.0243992130004392,0.220406841736624,-0.0101825264053241,0.0669584817657072,0.143401384523521,-0.262756552545975,0.079762458093479,0.424303264835812,-0.0967861636861528,0.00327894503391654,0.111794973775177,1.40529246706063,1.65069285691024,1.93585546178109
0,0,0,NA,NA,NA,-0.168535563589258,0.0222095895336756,0.215391748296518,-0.118721154443727,-0.0261431137333905,0.0666021222092879,-0.0906625704879533,0.292467154964481,0.581552733061899,-0.063828472729413,0.0155783453677999,0.107501780539886,1.45916822391236,1.76699431830527,2.14241424408763
0,-0.5,0.1,NA,NA,NA,-0.179602215683525,0.0162916692998167,0.215223518148501,-0.148846901153027,-0.0649133275682381,0.0148131061910205,-0.484169931228613,-0.2538186214829,-0.026945750643585,0.00724766918015054,0.0794575968774974,0.148801365474116,1.38912844184448,1.63123442915204,1.92874599247017
0.3,-0.25,0.05,NA,NA,NA,-0.156661372026356,0.0322080265462101,0.222020327690995,0.133285038301679,0.233196672503442,0.339899365421209,-0.32564274759785,0.112107376185931,0.508512050176892,-0.00954192663200793,0.121998897682047,0.258388046425062,1.55152073302448,1.8537590662374,2.23520381396156
0.4,-0.25,-0.05,NA,NA,NA,-0.146394219625281,0.0395602420038776,0.230038206170386,0.253152070202177,0.349573442854764,0.453135652174454,-0.509506504521163,-0.251211087341269,0.0339179257738049,-0.177775718583269,-0.0783344225296546,0.0277073914384473,1.3998080104405,1.65329442013129,1.95805327958689
0.4,0.25,0.05,NA,NA,NA,-0.163611124301501,0.0291174158273762,0.21960085301996,0.219803576330991,0.311975852474046,0.419137359301661,-0.228478227116752,0.138981167228903,0.433384027092147,-0.106576037362694,0.0145422135787503,0.115705211768736,1.27412431233602,1.50784024196136,1.80303727357876
0.3,0.5,0.05,NA,NA,NA,-0.174569740500432,0.0262788455251204,0.21927817883081,0.0829479051301659,0.168361031001532,0.264157943439589,-0.152163223169498,0.0273049619546734,0.24079561818899,-0.0573749403425426,-0.000496255619597477,0.0631131010687508,1.32237762821344,1.56910323964674,1.87910910133193
0.3,0.5,0,NA,NA,NA,-0.181065886807992,0.0241228602289483,0.224112785576789,0.166464498728157,0.258302318882331,0.358945840947562,0.0176438575893673,0.364017242683645,0.728617052675734,-0.266427244780192,-0.146235197979224,-0.0306894305074515,1.35760127917014,1.59813851549893,1.90872352295752
0,0.25,0,NA,NA,NA,-0.167537690604309,0.0173303955050792,0.203124144707147,-0.0515359480138925,0.0242772927040141,0.103740056589835,-0.0627626612310752,0.27865566416089,0.581745230257015,-0.105628537704589,-0.0193527883103909,0.0693794208189085,1.2965006718967,1.52424124968251,1.80727050097317
0.1,-0.5,0.05,NA,NA,NA,-0.171731808352342,0.0208456111669757,0.214334408822869,-0.00994812550942892,0.0672356040303184,0.149932524106571,-0.450277375580811,-0.222308995593358,0.0379043708605737,0.00687036944719875,0.0648506915376368,0.134832679506966,1.35070571271204,1.58366704848045,1.86989764138205
0,-0.5,0.05,NA,NA,NA,-0.166786276901584,0.0301331022066021,0.234938614051527,-0.0439305545170545,0.0460465941702866,0.13379880354554,-0.83405797514811,-0.323850584385491,0.112026467404784,-0.0579441737689014,0.0550535879350353,0.179585913099775,1.51442016721936,1.82041648224435,2.20149599099072
0.2,0.5,0.1,NA,NA,NA,-0.16405306047959,0.0288063136083676,0.226461607491666,0.111799792572859,0.199611682424489,0.292620485539768,0.043871529852892,0.459381007444627,0.911678734379726,-0.0121091953416562,0.139128834058329,0.295960186569432,1.32208570291189,1.55575658892216,1.84880818516941
0.2,0.5,0,NA,NA,NA,-0.169477507895751,0.0233377268954982,0.222546515970553,0.0675857859292553,0.144715207790694,0.231812324447374,-0.125286662052494,0.211652552460626,0.592597018110789,-0.192211781015996,-0.0843085735982248,0.0169711418663349,1.36524296071524,1.61304512798928,1.91020892543692
0.4,0.5,0,NA,NA,NA,-0.151655547811519,0.0414145511276967,0.236670452771568,0.30749335136648,0.405751494920804,0.514004933160301,-0.0867115946671108,0.255239954810555,0.674637246966836,-0.118470222334213,0.00108716234640245,0.146402899845051,1.26508986427633,1.50128507181648,1.78175249287283
0.2,0,-0.05,NA,NA,NA,-0.161278434451715,0.0327341514473113,0.22150831017929,0.120838707445552,0.211561100718427,0.314281686622948,-0.0762107340610809,0.280430507519529,0.612654499962801,-0.190247340242909,-0.0701739926727447,0.0501804430910821,1.60722944363866,1.89226707957636,2.24680680547685
0.3,0,0,NA,NA,NA,-0.178130841169978,0.0140586052340627,0.19803171645321,0.234578867373469,0.317742120294556,0.41176596023785,-0.318686790224302,-0.0873182759101077,0.17886334372176,-0.102165473743945,-0.0183773523118308,0.0769299742392931,1.27688287374159,1.51183358579977,1.78843123922231
0.4,0,0,NA,NA,NA,-0.197705570495752,-0.00550017439954922,0.184299196392703,0.245199679163808,0.333407306601649,0.435211557660051,-0.217885899304807,0.122306358999291,0.440646772292227,-0.21854636524945,-0.0891902363107673,0.0403651983196859,1.31090632739775,1.5481104839038,1.84368308157891
0.5,0,0,NA,NA,NA,-0.188486195534561,0.0106334255962572,0.206606733217749,0.307797875714943,0.400277499800589,0.509345753213096,-0.416275763786046,-0.127963980649974,0.170310910171639,-0.0884997599925018,0.0217582471182812,0.151762324368031,1.41424722170841,1.6669074824179,1.96487855252103
0.2,-0.5,0,NA,NA,NA,-0.179135503447905,0.0194203738502178,0.216493606845054,0.119900183304081,0.201808872205248,0.292941921608603,-0.536828438756056,-0.243223243903648,0.013805809188457,-0.0217449548322678,0.0593818955912452,0.150679542120614,1.36561174488069,1.61726496404309,1.92577466531556
0.2,-0.25,0.05,NA,NA,NA,-0.173817456656654,0.0187557886710332,0.221692461705924,0.101453426968375,0.182774795051603,0.269176446803393,-0.421150183136321,-0.0481167323761513,0.357587676375338,-0.00906120188850943,0.100287742491349,0.228944650495515,1.23176921825104,1.4475873822263,1.71315853427568
0.4,0.5,0.1,NA,NA,NA,-0.18065738731126,0.014598573166234,0.210081446255953,0.236228138918914,0.330332056244859,0.430580926896277,0.00136509610049101,0.393490521576462,0.738372685893556,-0.0702387435890151,0.0644664727616763,0.18929107010699,1.47921964903068,1.75455402362557,2.09162977784212
0.1,0.5,0.1,NA,NA,NA,-0.173973177427816,0.0235277371739062,0.219693782610249,0.0432313568026013,0.128670928441802,0.221899623372211,0.0209860186617666,0.265944540739163,0.49745507315047,0.0102897662415072,0.0806568453241134,0.155893395481113,1.37181645309172,1.63044022930249,1.91899242809669
0.3,0.5,0.1,NA,NA,NA,-0.191447159666557,0.00736376644215352,0.210123435783797,0.139834171723113,0.222914820455192,0.306054832789631,-0.310815856251208,-0.0378113328656973,0.263997100524859,-0.0124942410303776,0.0729712576436839,0.167770131574048,1.32456553046798,1.56411327550369,1.86229531518064
0.3,0,-0.1,NA,NA,NA,-0.171430918164677,0.0200855347505928,0.220127807558005,0.175959517353433,0.265961844203922,0.365680981137765,-0.165180149735661,0.0922260460420982,0.39109356354216,-0.171428523267544,-0.0779407313712198,0.0105280517145132,1.45317208150828,1.7144601603443,2.04832066484194
0.2,-0.25,0.1,NA,NA,NA,-0.165037037078419,0.0231096569860503,0.215763974903433,0.125616777832008,0.208379319877886,0.298597120559383,-0.178037987283086,0.192549561842793,0.502575274488085,-0.0121085957398804,0.0847760866002454,0.18241316595332,1.32172595216636,1.55388948882267,1.81422010518432
0.1,0,-0.1,NA,NA,NA,-0.163912858528646,0.0210265475954837,0.207663004817259,-0.0133569663794819,0.066024329589181,0.144047386931831,-0.149368202301532,0.309443185435695,0.751234315243982,-0.144729239625764,0.00974256909211144,0.16295391473048,1.2986435330993,1.5138170882716,1.77174875079027
0.4,-0.25,0.1,NA,NA,NA,-0.166698841270475,0.0251830559953905,0.216677933234196,0.258300424175595,0.350560209642833,0.457610080989697,-0.575727792171049,-0.224632393849835,0.103162307431032,-0.0631585585454036,0.0633781950189332,0.182315010338142,1.42295042083429,1.6845951107712,1.99758253340215
0.1,0,-0.05,NA,NA,NA,-0.166488078278039,0.0183705220491726,0.213505746100688,0.00519753169696378,0.0870096926825965,0.168521200980519,-0.525422955144676,-0.121534076575712,0.315741969126861,-0.294979793319422,-0.157283350210293,-0.0248782021407749,1.33654193277586,1.56780408166438,1.85778363916515
0.5,-0.25,0.1,NA,NA,NA,-0.164107958701744,0.0296982291108099,0.221312777657221,0.389426912451419,0.505611296892302,0.640060479655119,-0.418899254554003,-0.0917970345498433,0.204461729672848,0.0663566621354085,0.193822543602531,0.328616376275947,1.37223377102185,1.62803427361369,1.96755570218505
0.1,0.5,0,NA,NA,NA,-0.181899030110494,0.0166583447661307,0.217864929909016,0.0429122673831795,0.11746067044852,0.194770559306438,0.0109424646611094,0.25521483482648,0.54959986153492,-0.0950171608251656,-0.0151449039208778,0.0681480590877928,1.18128848181838,1.37860465466716,1.62164348814223
0,0.5,0.05,NA,NA,NA,-0.16772175821137,0.0233042426450329,0.218124993919092,-0.0762332480182583,0.0288839819353102,0.136368955220782,-0.264410651234987,0.0496033888416459,0.442979245446438,-0.100423975693834,-0.00353641121778213,0.0983819476250215,1.38917278918477,1.69651304527725,2.09924811143185
0.1,0.25,-0.05,NA,NA,NA,-0.168786015872641,0.0252206432870931,0.211052828011409,0.0528975256748195,0.135117872799891,0.222800345275581,0.109524433733622,0.518548455408253,0.935920515333018,-0.304519051361022,-0.160645806986726,-0.0305076942334322,1.49250947372968,1.75589968474033,2.09582850703509
0.5,-0.5,0,NA,NA,NA,-0.157040955265914,0.0331056559954988,0.21604167228497,0.311777490352426,0.41462597433055,0.522495317007549,-0.43162265433792,-0.0504852809213421,0.304771657298936,-0.0489585180535839,0.0962576414917098,0.236398136441719,1.38457943172314,1.63849975831588,1.93454131986894
0.5,0,-0.1,NA,NA,NA,-0.17023198557439,0.0274664489679644,0.225478720769617,0.300552682847021,0.399086128641098,0.51356538948294,0.0673964352198336,0.333498199471278,0.558531704042009,-0.137905781413397,-0.0313892319394109,0.0596047124993597,1.41862676311622,1.67268127623607,1.97206093411716
0.2,0.25,-0.05,NA,NA,NA,-0.164589955846695,0.0229618207367045,0.212696052676691,0.0320640341610765,0.117274116389059,0.203569369791009,-0.0319412804316503,0.168402935579011,0.405979257314178,-0.186620924697275,-0.111057155675903,-0.0406298798683295,1.39206428757295,1.63462428384488,1.93571030075679
0.3,-0.25,0.1,NA,NA,NA,-0.160159841507735,0.0341519532416928,0.228408278812408,0.158459366631867,0.247085145082597,0.35097113965467,-0.386570485525226,-0.112653031289913,0.205369117823086,-0.021232553918199,0.0779598667702348,0.194817185694828,1.47584744528691,1.74562975237534,2.09553112698663
0.3,-0.5,0,NA,NA,NA,-0.173279146871087,0.0292810947303681,0.229249160489114,0.0926263901664518,0.183052901509503,0.282293250380595,-0.51070745858903,-0.20843318778246,0.0648492229983355,-0.0953340303087413,0.0070286631669714,0.113502820225839,1.47405332776818,1.73339882322388,2.06835399907969
0.1,-0.5,0,NA,NA,NA,-0.170174575809413,0.0225087322208117,0.218733974509728,-0.101651651633872,-0.00376367489232564,0.0917665439574111,-0.526101071418019,-0.279910925562891,-0.0350731902957304,-0.0316539747767798,0.0538673352988588,0.140123799431841,1.41252924685225,1.67110003974404,1.99208317387481
0,-0.25,0.05,NA,NA,NA,-0.173475792276472,0.022893296165437,0.219863246815474,-0.0923772359036941,-0.0102588129950122,0.0731213296051641,-0.699908243908217,-0.35246483648725,0.042222319608217,-0.0676231565145506,0.0386242700789228,0.147829301021778,1.48064539494989,1.76668169563636,2.1176402128699
0.1,0.5,-0.05,NA,NA,NA,-0.165201718862591,0.0242025341290473,0.217543638318056,0.00523371358843574,0.0968215653246909,0.189547152469318,-0.0318532411403548,0.301040198316619,0.642872586574297,-0.19063162152998,-0.0902905939297556,0.00611176958574136,1.42458315399485,1.68370954822222,2.00802672176616
0,0.25,-0.1,NA,NA,NA,-0.169478458259263,0.0274046025175946,0.225055307550245,-0.101843147138984,-0.0182252418018742,0.0679608664264432,-0.123833628745523,0.105341687863692,0.324838807044261,-0.108710106103548,-0.04529908593656,0.012268671750388,1.50084991045786,1.76554845207966,2.10039231564958
0.4,0,-0.1,NA,NA,NA,-0.175163886081168,0.0190020857943745,0.213368729749729,0.203777552597959,0.29700257288338,0.394232683000132,-0.36138877265613,0.0105382168586279,0.421267775950652,-0.148383423218416,-0.0231986082399618,0.1106002253108,1.39036304144333,1.64589984537351,1.9561503306891
0.3,0,0.1,NA,NA,NA,-0.153148968870115,0.0396918791078488,0.228676427351624,0.16345285516531,0.260893252686319,0.364971252156652,-0.380826916557059,0.161433839205777,0.627669408082059,0.0274291447935864,0.190048028378281,0.346620072004061,1.51544646017515,1.79353591640762,2.13715607788779
0.5,0.25,-0.05,NA,NA,NA,-0.176058331406807,0.0195006170036614,0.217368345322783,0.38937227337159,0.489421396380026,0.594188575040623,-0.0408282930300653,0.223464548374886,0.507556160795132,-0.177204471599008,-0.0703865865665902,0.0448193401754903,1.33253810040853,1.56743923962501,1.87111225353218
0.1,-0.25,0.05,NA,NA,NA,-0.163233970509743,0.0310363580927101,0.229088486861461,0.0526425777334225,0.146778080261087,0.250160728021185,-0.838054231953971,-0.308574004430664,0.121554854093267,-0.199121760637926,-0.034290959309286,0.119190762623561,1.39165860948487,1.65349880947243,1.99291728355051
0,-0.25,0,NA,NA,NA,-0.171530360082521,0.0176813908146974,0.206140853251404,0.0398008307303879,0.135953874663727,0.226245389170441,-0.532546623795989,-0.26798862984948,0.000326807595738604,-0.111137852551952,-0.0278452447981556,0.0529923294439784,1.24653105250876,1.49040686862393,1.78129540186117
0.5,0.25,0,NA,NA,NA,-0.149480725680125,0.0597710310976459,0.2506119310743,0.343202682452827,0.445199359314947,0.567407036901227,-0.023431750431539,0.246094464921826,0.518609819717266,-0.0926190558491852,0.0126469576964314,0.116717042388039,1.18156682117653,1.39317709338588,1.66643929121684
0,0.5,-0.05,NA,NA,NA,-0.177339470735803,0.0191112937031524,0.213381731877294,-0.155920594060813,-0.0710336825185953,0.00857839172484669,-0.0387634460364823,0.186048386525152,0.408546012868045,-0.14714141325872,-0.0807903636004409,-0.013160058092751,1.24997015268342,1.47865676737736,1.76873484616106
0.4,-0.5,0,NA,NA,NA,-0.162185303904162,0.0341873440516041,0.226021978035123,0.25548252766522,0.353844492395588,0.465213511211872,-0.640214313011766,-0.24332331257263,0.0617523557272281,-0.0600345839185262,0.0651780244708958,0.159095401923132,1.39776860600611,1.66217348910736,2.00788056073154
0.2,0,-0.1,NA,NA,NA,-0.174936103202005,0.0193076955736372,0.213300230671118,0.145991189202786,0.226198221601724,0.322314797259196,-0.263733008389933,0.00999907220362107,0.307811225955158,-0.200514545343166,-0.101104327228858,-0.00640420929475197,1.33570201853041,1.57012484317185,1.85244130290437
0.4,0.5,-0.05,NA,NA,NA,-0.176850690013916,0.019329413029914,0.223711538422253,0.207767666916401,0.291897046215132,0.386550973952773,0.147836832408705,0.514230685575394,0.871908030997667,-0.121957121690166,0.00289225132000096,0.131292566908916,1.20840324891263,1.42459726482497,1.66758597402512
0.3,0.25,-0.05,NA,NA,NA,-0.169742481263634,0.0235162385284935,0.210633539986298,0.165769099582033,0.250460919582312,0.34684556722759,-0.251097703581101,-0.041300140775685,0.19360146278544,-0.137216926659871,-0.0732489436789439,-0.00602155488241102,1.37947954652078,1.62124419558557,1.91250842391194
0.2,-0.5,0.1,NA,NA,NA,-0.16735321571147,0.0228360211660723,0.2139148976302,0.154492871718841,0.246095726805915,0.345252753743163,-0.58170124467069,-0.155007488480958,0.311907745960718,-0.0508990511609304,0.114000649120096,0.302550761476952,1.33502755395556,1.57359793313128,1.87583854651657
0.1,-0.5,0.1,NA,NA,NA,-0.19047695021605,0.0151897390463677,0.223426175249587,-0.027603792147824,0.060193033749238,0.147701852004781,-0.938906333625641,-0.583209909645455,-0.250852316185941,0.0368162300095121,0.156697663451153,0.283525953734555,1.41283786108233,1.65748830198359,1.9630327923353
0.4,0.25,-0.05,NA,NA,NA,-0.171787752713721,0.0220356230670407,0.213502282691095,0.203785757825047,0.291314476932605,0.381630536332858,-0.0648817869338736,0.181195981890249,0.420723916214671,-0.187128469500626,-0.0957072401747424,-0.0135754663083106,1.36081568671974,1.58525437101473,1.87181981533702
0.4,-0.5,0.1,NA,NA,NA,-0.176437173140104,0.0119007749317886,0.203433048373207,0.261617403841949,0.35084147933209,0.447047416360009,-0.735225880472963,-0.385349348527243,-0.049505999126155,-0.060337057259371,0.0630820139200723,0.184686410098892,1.32197546003089,1.54915212771812,1.82062866235746
0.5,0.5,-0.05,NA,NA,NA,-0.171872701351385,0.0172516238384764,0.207194292377799,0.25695858495918,0.350978736686128,0.450500369032654,0.0563278186606406,0.401203878277633,0.769440226810093,-0.206189532868956,-0.089301263768109,0.0312160457470244,1.33996014438544,1.57325501811957,1.86738706359535
0.5,-0.5,0.1,NA,NA,NA,-0.158604317437487,0.0305487371841201,0.227250387039365,0.346256361327905,0.446170513343469,0.55805038102924,-0.584226248856703,-0.287850788412288,0.0263770085542847,-0.0453574620497603,0.0886818610850219,0.227933666392552,1.35630231141704,1.59485004056986,1.87850231462857
0,-0.25,0.1,NA,NA,NA,-0.167735811630128,0.0246248885116195,0.218176404946941,-0.14402218379346,-0.0653364592885514,0.0142655566701366,-0.390941184942423,-0.109615633932511,0.145564287499008,0.0352449755547604,0.119412934044157,0.21066470830525,1.24198701731796,1.46534531454702,1.72967446681426
0.2,0.5,-0.05,NA,NA,NA,-0.16191873128848,0.0282093975764877,0.219686627546052,0.104942205598224,0.185609650012444,0.276756566110165,-0.176567541109067,0.106521696581516,0.414930791988319,-0.0824203950820927,0.00356105438704734,0.0964583769819298,1.42074343100526,1.66623283900265,1.96475194280416
0.3,-0.5,0.1,NA,NA,NA,-0.166778645680663,0.027807697631066,0.22117219376016,0.221751417240647,0.322833413760582,0.431440350930121,-0.473858025020738,-0.254788867077993,-0.0398122314573204,0.0132989422562564,0.0907680484628344,0.170500687818914,1.56360551815781,1.85242818017621,2.21195124081555
0.3,0.5,-0.05,NA,NA,NA,-0.171738538971841,0.0247992271731949,0.216949030230253,0.18048984329603,0.269605067362375,0.365910624099978,-0.0977689537284447,0.327754741238886,0.737845581349075,-0.194430197844568,-0.0756319433346426,0.0415649503950395,1.40458994333172,1.65736658481256,1.99365027189804
0.4,0,0.1,NA,NA,NA,-0.148187593313789,0.0418667715095493,0.234271838668907,0.25519148050775,0.354421221272282,0.461981906602222,-0.302984688669164,-0.0586002977400517,0.208491502231732,0.0295456135670541,0.128352060982594,0.235592646337126,1.43680552957945,1.69247389903533,2.00149433186951
0.1,0,0,NA,NA,NA,-0.163666260296088,0.0333411465645199,0.225579176933328,-0.0314081610495166,0.0922905275726745,0.227716395845442,-2.23235398702033,-0.585414761367707,0.0261581549203321,-0.23577548582965,0.0599609767890284,0.305863597164612,1.1777810845926,1.50483445829901,1.94168598497289
0.5,0.25,0.1,NA,NA,NA,-0.167142609108831,0.0178970663198602,0.205345968134887,0.325234394699558,0.421398087981128,0.528081844827257,0.0683109249073131,0.431068136520676,0.721589767797284,-0.00856066952375005,0.126553175612397,0.25598449070865,1.27258736430058,1.49051631304636,1.75673916479637
0,0.25,0.1,NA,NA,NA,-0.182214071143433,0.0200505432418178,0.213295167241158,-0.06087127780473,0.0189283394866704,0.0945242254270116,-0.270493286965175,0.065022857170874,0.390347414029123,-0.034600044286503,0.0702237516728987,0.176172753825002,1.27655404387445,1.49529310948947,1.78202914236527
0.2,0.25,0.1,NA,NA,NA,-0.173270271461778,0.0151117909617181,0.218387819163869,0.142887092729576,0.242284767823886,0.349439681794276,-0.322611542647674,0.102122626339799,0.524617441778241,-0.215503179803338,-0.0736560348961536,0.0632601668159197,1.49540272202626,1.78229872005174,2.14648184171425
0.4,0.25,0.1,NA,NA,NA,-0.18866193016953,0.0132078977106033,0.205980960450598,0.202578641412536,0.293423826849192,0.391381926203159,-0.11286170672016,0.114087978159926,0.355198927094843,-0.0168008846881183,0.0619222859041761,0.150374126163712,1.34800703929542,1.58817148551295,1.88508006403139
0.5,0,0.1,NA,NA,NA,-0.164968626955421,0.0233275251792611,0.20693205189569,0.398268443621387,0.512391805304101,0.634761779587367,-0.0349405787174239,0.17970632972168,0.368613182679122,0.0461504867557014,0.130502936666048,0.207151497684281,1.37459116465204,1.62605892615068,1.95628697870536
0.1,0.25,0.1,NA,NA,NA,-0.184239731794233,0.00694338441486836,0.208760970428836,0.0364702275606701,0.117953972443225,0.209726857976854,-0.0458371371057944,0.147287181480603,0.340198272140212,0.0724353830643893,0.133634663363361,0.204014952720877,1.42126252639909,1.68320099570761,1.97928872358404
0.3,0.25,0.1,NA,NA,NA,-0.165706419695689,0.0327120153198462,0.223079380675767,0.119827964376261,0.202750095313374,0.294397710288252,-0.504769422767522,-0.128104421680452,0.245314054250516,-0.200210869753792,-0.0518934675113789,0.0800900816954407,1.32000950062554,1.54228610851043,1.82335856508189
